FAMILY,SUBFAMILY,TRIBE,GENUS,SUBGENUS,SPECIES,SUBSPECIES,AUTHOR_YEAR,DET,TYPUS,M,F,NOSEX,NATION,REGION,PROVINCE,LOCALITY.1,LOCALITY.2,ALTITUDINE,LAT,LONG,GIVEN_LAT,GIVEN_LONG,BIOG_REG,DATA,SOURCE,COLLECTOR,RECORD_TYPE,NOTES
Oedemeridae,Oedemerinae,Stenostomatini,Stenostoma,,cossyrense,,,,,,,,IT,Sicilia,,"Trapani, Pantelleria Bagno dell'Acqua",,5,,,36.81,11.98,palaearctic,2021-05-29,MAB,P. Audisio,PreservedSpecimen,
Oedemeridae,Oedemerinae,Stenostomatini,Stenostoma,,cossyrense,,,,Paratypus,,,1,IT,Sicilia,,"Trapani, Pantelleria Cala 5 denti",,10,,,36.81,12,palaearctic,1983-07-5/1983-07-24,MVE,P. Canestrelli,PreservedSpecimen,
Oedemeridae,Oedemerinae,Stenostomatini,Stenostoma,,cossyrense,,,,Paratypus,,,1,IT,Sicilia,,"Trapani, Pantelleria Cala 5 denti",,10,,,36.81,12,palaearctic,1983-07-18,MVE,E. Ratti,PreservedSpecimen,
Oedemeridae,Oedemerinae,Stenostomatini,Stenostoma,,cossyrense,,,,,,,1,IT,Sicilia,,"Pantelleria Island, Bivio Piano Ghirlanda",,,,,36.7,11.9,palaearctic,2019-06-17,coll. Poloni,M. Pavesi,PreservedSpecimen,
Oedemeridae,Oedemerinae,Stenostomatini,Stenostoma,,cossyrense,,,,,,,,IT,Sicilia,,"Trapani, Pantelleria, Khattibuale",,36,,,36.82,11.98,palaearctic,2019-06-17,coll. Poloni,M. Pavesi,PreservedSpecimen,
Oedemeridae,Oedemerinae,Stenostomatini,Stenostoma,,cossyrense,,,,Paratypus,,,5,IT,Sicilia,,"Trapani, Pantelleria, Lago (= Specchio di Venere)",,5,,,36.81,11.98,palaearctic,1983-07-5/1983-07-24,MAB,P. Canestrelli,PreservedSpecimen,su Daucus carota
Oedemeridae,Oedemerinae,Stenostomatini,Stenostoma,,cossyrense,,,,Paratypus,,,5,IT,Sicilia,,"Trapani, Pantelleria, Lago (= Specchio di Venere)",,5,,,36.81,11.98,palaearctic,1983-07-5/1983-07-24,MVE,P. Canestrelli,PreservedSpecimen,su Daucus carota
Oedemeridae,Oedemerinae,Stenostomatini,Stenostoma,,cossyrense,,,,,,,,IT,Sicilia,,"Trapani, Pantelleria, Specchio di Venere",,5,,,36.81,11.98,palaearctic,2019-06-17,MAB,M. Pavesi,PreservedSpecimen,
Oedemeridae,Oedemerinae,Stenostomatini,Stenostoma,,cossyrense,,,,,,,,IT,Sicilia,,"Trapani, Pantelleria, Lago di Venere",,5,,,36.81,11.98,palaearctic,2019-06-17,coll. Poloni,M. Pavesi,PreservedSpecimen,
Oedemeridae,Oedemerinae,Stenostomatini,Stenostoma,,cossyrense,,,,Holotypus,,,1,IT,Sicilia,,"Trapani, Pantelleria, Tracino",,,45.19N,26.17E,36.79,12.04,palaearctic,1993-06-28,MZP,B. Massa,PreservedSpecimen,
Oedemeridae,Oedemerinae,Stenostomatini,Stenostoma,,lowei,,,,,,,,PT,Madeira,,"Madeira Island, Curral das Freiras",,600-800,,,32.71,-16.96,palaearctic,,Erber & Hinterseher (1988 as Oedemerella),,MaterialCitation,
Oedemeridae,Oedemerinae,Stenostomatini,Stenostoma,,lowei,,,,,,,,PT,Madeira,,"Madeira Island, Encumeada",,1000,,,32.75,-17.01,palaearctic,,Erber & Hinterseher (1988 as Oedemerella),,MaterialCitation,
Oedemeridae,Oedemerinae,Stenostomatini,Stenostoma,,lowei,,,,,,,,PT,Madeira,,"Madeira Island, Madera boreali  ad Sanctam Annam  ",,,,,32.8,-16.88,palaearctic,,Wollaston (1954),,MaterialCitation,
Oedemeridae,Oedemerinae,Stenostomatini,Stenostoma,,lowei,,,,,,,,PT,Madeira,,"Madeira Island, Pico Ruivo",,1700-1800,,,32.75,-16.94,palaearctic,,Erber & Hinterseher (1988 as Oedemerella),,MaterialCitation,
Oedemeridae,Oedemerinae,Stenostomatini,Stenostoma,,lowei,,,,,,,,PT,Madeira,,"Madeira Island, Raba√ßal ",,,,,32.75,-17.11,palaearctic,,Erber & Hinterseher (1988 as Oedemerella),,MaterialCitation,
Oedemeridae,Oedemerinae,Stenostomatini,Stenostoma,,lowei,,,,,,,,PT,Madeira,,"Madeira Island, Raba√ßal, Levada Vinte e Cinco Fonte",,900,,,32.75,-17.11,palaearctic,,Erber & Hinterseher (1988 as Oedemerella),,MaterialCitation,
Oedemeridae,Oedemerinae,Stenostomatini,Stenostoma,,lowei,,,,,,,,PT,Madeira,,"Madeira Island, Ribeira de Janela, gorge",,800,,,32.84,-17.15,palaearctic,,Erber & Hinterseher (1988 as Oedemerella),,MaterialCitation,
Oedemeridae,Oedemerinae,Stenostomatini,Stenostoma,,lowei,,,,,,,,PT,Madeira,,"Madeira Island, Seixal ",,,,,32.82,-17.1,palaearctic,,Erber & Hinterseher (1988 as Oedemerella),,MaterialCitation,
Oedemeridae,Oedemerinae,Stenostomatini,Stenostoma,,lowei,,,,,,,,PT,Madeira,,"Madeira Island, Torrinhas",,1500,,,32.75,-16.96,palaearctic,,Erber & Hinterseher (1988 as Oedemerella),,MaterialCitation,
Oedemeridae,Oedemerinae,Stenostomatini,Stenostoma,,lowei,,,,,,,,PT,Madera,,Eira do Serrado ,,1000,,,32.71,-16.96,palaearctic,2007-07-16,NMPC,J. Hájek & K. Kalíková,PreservedSpecimen,
Oedemeridae,Oedemerinae,Stenostomatini,Stenostoma,,melitense,,,,,,,,IT,Sicilia,,Punta Braccetto ,,2,,,36.82,14.46,palaearctic,2021-06-12,MAB,"M. A. Bologna, C. Marangoni",PreservedSpecimen,
Oedemeridae,Oedemerinae,Stenostomatini,Stenostoma,,melitense,,,,,,,,IT,Sicilia,,Punta Braccetto ,,,,,36.82,14.46,palaearctic,1978-08,MVR,Pace,PreservedSpecimen,
Oedemeridae,Oedemerinae,Stenostomatini,Stenostoma,,melitense,,,,,,,,MT,Malta,,Coral Lagoon ,,,,,35.996,14.367,palaearctic,2022-06,MAB,L. Spagoni,PreservedSpecimen,
Oedemeridae,Oedemerinae,Stenostomatini,Stenostoma,,melitense,,,,,,,,MT,Malta,,Gozo Island  ,,,,,36.05,14.26,palaearctic,2018-05-25,coll. Poloni,F. Alamanni,PreservedSpecimen,
Oedemeridae,Oedemerinae,Stenostomatini,Stenostoma,,melitense,,,,,,,,MT,Malta,,Gozo Island Gozo Dwejra,,,,,36.04,14.19,palaearctic,1980-06-29,MAB,J. L. Schembri,PreservedSpecimen,
Oedemeridae,Oedemerinae,Stenostomatini,Stenostoma,,melitense,,,,,,,,MT,Malta,,Gozo Island Gozo Dwejra,,,,,36.04,14.19,palaearctic,1980-06-29,CSCH,J. L. Schembri,PreservedSpecimen,
Oedemeridae,Oedemerinae,Stenostomatini,Stenostoma,,melitense,,,,,,,,MT,Malta,,Gozo Island Gozo Xlendi,,,,,36.03,14.21,palaearctic,1980-06-27,MAB,J. L. Schembri,PreservedSpecimen,
Oedemeridae,Oedemerinae,Stenostomatini,Stenostoma,,melitense,,,,,,,,MT,Malta,,Gozo Island Gozo Xlendi,,,,,36.03,14.21,palaearctic,1980-06-27,CSCH,J. L. Schembri,PreservedSpecimen,
Oedemeridae,Oedemerinae,Stenostomatini,Stenostoma,,melitense,,,,,,,,MT,Malta,,II Kalanka,,,,,35.835,14.561,palaearctic,2022-06,MAB,L. Spagoni,PreservedSpecimen,
Oedemeridae,Oedemerinae,Stenostomatini,Stenostoma,,melitense,,,,,,,,MT,Malta,,Imgiebah bay,,,,,35.967,14.382,palaearctic,2022-06,MAB,L. Spagoni,PreservedSpecimen,
Oedemeridae,Oedemerinae,Stenostomatini,Stenostoma,,melitense,,,,,,,,MT,Malta,,Malta Island Cirkewwa-Mellieha ,,,,,35.98,14.32,palaearctic,2004-06-02,Vazquez database,R. Rober,PreservedSpecimen,
Oedemeridae,Oedemerinae,Stenostomatini,Stenostoma,,melitense,,,,,,,,MT,Malta,,"Malta Island, Dingli (Gebel Ciantar)",,,,,35.84,14.39,palaearctic,2021-06-20,MAB,T. Cassar,PreservedSpecimen,
Oedemeridae,Oedemerinae,Stenostomatini,Stenostoma,,melitense,,,,,,,,MT,Malta,,Malta Island Fomm ir-rih ,,,,,35.9,14.34,palaearctic,1989-07-01,CMIF,D. Mifsud,PreservedSpecimen,
Oedemeridae,Oedemerinae,Stenostomatini,Stenostoma,,melitense,,,,,,,,MT,Malta,,Malta Island Golden Bay ,,,,,35.93,14.34,palaearctic,2018-05-24,coll. Poloni,F. Alamanni,PreservedSpecimen,
Oedemeridae,Oedemerinae,Stenostomatini,Stenostoma,,melitense,,,,,,,,MT,Malta,,Malta Island La Valletta Lower Barrakka Gardens,,,,,35.89,14.51,palaearctic,2011-06-01,FEI,,PreservedSpecimen,
Oedemeridae,Calopodinae,Stenostomatini,Stenostoma,,melitense,,,,,,,,MT,Malta,,Malta Island Paradise Bay ,,,,,35.98,14.33,palaearctic,1986-07-07,MAB,S. Schembri,PreservedSpecimen,
Oedemeridae,Calopodinae,Stenostomatini,Stenostoma,,melitense,,,,,,,,MT,Malta,,Malta Island Paradise Bay ,,,,,35.98,14.33,palaearctic,1986-07-07,CSCH,S. Schembri,PreservedSpecimen,
Oedemeridae,Calopodinae,Stenostomatini,Stenostoma,,melitense,,,,,,,,MT,Malta,,Malta Island Ras il Qammieh ,,,,,35.96,14.32,palaearctic,1983-06-19,MAB,J. L. Schembri,PreservedSpecimen,
Oedemeridae,Calopodinae,Stenostomatini,Stenostoma,,melitense,,,,,,,,MT,Malta,,Malta Island Ras il Qammieh ,,,,,35.96,14.32,palaearctic,1983-06-19,CSCH,J. L. Schembri,PreservedSpecimen,
Oedemeridae,Oedemerinae,Stenostomatini,Stenostoma,,melitense,,,,,,,,MT,Malta,,Malta Island St. Paul's Islands ,,,,,35.96,14.4,palaearctic,1982-05-30,CSCH,J. L. Schembri,PreservedSpecimen,
Oedemeridae,Oedemerinae,Stenostomatini,Stenostoma,,melitense,,,,,,,,MT,Malta,,Malta Island St. Paul's Islands ,,,,,35.96,14.4,palaearctic,1982-05-30,NMPC,J. L. Schembri,PreservedSpecimen,
Oedemeridae,Oedemerinae,Stenostomatini,Stenostoma,,melitense,,,,,,,,MT,Malta,,Malta Island St. Paul's Islands ,,,,,35.96,14.4,palaearctic,1982-05-30,MAB,J. L. Schembri,PreservedSpecimen,
Oedemeridae,Oedemerinae,Stenostomatini,Stenostoma,,melitense,,,,,,,,MT,Malta,,Malta Island Wiedi Babu ,,,,,35.82,14.45,palaearctic,1989-06-24,CMIF,D. Mifsud,PreservedSpecimen,
Oedemeridae,Oedemerinae,Stenostomatini,Stenostoma,,melitense,,,,,,,,MT,Malta,,Malta Island Wiedi Babu ,,,,,35.82,14.45,palaearctic,1989-06-24,NMPC,D. Mifsud,PreservedSpecimen,
Oedemeridae,Oedemerinae,Stenostomatini,Stenostoma,,melitense,,,,,,,,MT,Malta,,Malta Island Wiedi Babu ,,,,,35.82,14.45,palaearctic,1989-06-24,MAB,D. Mifsud,PreservedSpecimen,
Oedemeridae,Oedemerinae,Stenostomatini,Stenostoma,,melitense,,,,,,,,MT,Malta,,Saint peter Pool,,,,,35.833,14.562,palaearctic,2022-06,MAB,L. Spagoni,PreservedSpecimen,
Oedemeridae,Oedemerinae,Stenostomatini,Stenostoma,,rostratum,,,,,,,,AL,Albania,,Durrës Durrës (as Durazzo) ,,,,,41.31,19.43,palaearctic,,Magistretti (1941),,MaterialCitation,
Oedemeridae,Oedemerinae,Stenostomatini,Stenostoma,,rostratum,,,,,,,,AL,Albania,,Durrës Durrës (as Durazzo) ,,,,,41.31,19.43,palaearctic,,Bologna (1981),,MaterialCitation,
Oedemeridae,Oedemerinae,Stenostomatini,Stenostoma,,rostratum,,,,,,,,DZ,El Khala,,El Khala (Lacalle)  Près marais de Tonga ,,,,,36.89,8.44,palaearctic,,"Lucas, 1849",,MaterialCitation,
Oedemeridae,Oedemerinae,Stenostomatini,Stenostoma,,rostratum,,,,,,,,DZ,,,Jijel estuary Oued El Kébir ,,,,,36.87,6.08,palaearctic,1981-05-20,NMPC,"Spedizione Algeria ""81"" Boffa-Casale etc.",PreservedSpecimen,
Oedemeridae,Oedemerinae,Stenostomatini,Stenostoma,,rostratum,,,,,,,,DZ,,,Jijel Jijel ,,,,,36.81,5.77,palaearctic,,MNP,,PreservedSpecimen,
Oedemeridae,Oedemerinae,Stenostomatini,Stenostoma,,rostratum,,,,,,,10,DZ,Mostaganem,,Mostaganem Mostaganem dune di Stidia,,,,,35.79,-0.09,palaearctic,1984-05-22,NMPC,M. Bologna,PreservedSpecimen,
Oedemeridae,Oedemerinae,Stenostomatini,Stenostoma,,rostratum,,,,,,,,FR,Bretagne,,Côtes-d'Armor Erquy ,,,,,48.619,-2.458,palaearctic,1974-07-04,INPN,,PreservedSpecimen,
Oedemeridae,Oedemerinae,Stenostomatini,Stenostoma,,rostratum,,,,,,,,FR,Bretagne,,Finistère Pont-de-Buis-lès-Quimerch ,,,,,48.274,-4.108,palaearctic,2002-06-09,INPN,,PreservedSpecimen,
Oedemeridae,Oedemerinae,Stenostomatini,Stenostoma,,rostratum,,,,,,,,FR,Corsica,,? Rezza ,,,,,42.12368,8.95248,palaearctic,2007-05-26,INPN,,PreservedSpecimen,
Oedemeridae,Oedemerinae,Stenostomatini,Stenostoma,,rostratum,,,,,,,,FR,Corsica,,"Alèria, Plage de Mar'e Stagnu ",,,,,42.118611,9.552778,palaearctic,2022-06-19,MAB,"A. Riccieri, V. Filippini, E. Erbani",PreservedSpecimen,
Oedemeridae,Oedemerinae,Stenostomatini,Stenostoma,,rostratum,,,,,,,,FR,Corsica,,"Borgo, Le Belvedere borgo Plage ",,,,,42.601389,9.4975,palaearctic,2022-06-19,MAB,"A. Riccieri, V. Filippini, E. Erbani",PreservedSpecimen,
Oedemeridae,Oedemerinae,Stenostomatini,Stenostoma,,rostratum,,,,,,,,FR,Corsica,,"Casaglione, Plage du Liamone",,,,,42.086944,8.710278,palaearctic,2022-06-18,MAB,"A. Riccieri, V. Filippini, E. Erbani",PreservedSpecimen,
Oedemeridae,Oedemerinae,Stenostomatini,Stenostoma,,rostratum,,,,,,,2,FR,Corsica,,Corse du Sud foce dell'Ortolo ,,,,,41.5,8.91,palaearctic,1985-07-10/1985-07-20,MAB,E. Colonnelli,PreservedSpecimen,
Oedemeridae,Oedemerinae,Stenostomatini,Stenostoma,,rostratum,,,,,,,,FR,Corsica,,Corse du Sud Plage de Conca ,,,,,41.57,8.8,palaearctic,,Schaefer (1964),,MaterialCitation,
Oedemeridae,Oedemerinae,Stenostomatini,Stenostoma,,rostratum,,,,,,,,FR,Corsica,,Corse du Sud Sari-Solenzara ,,,,,41.81348,9.3524,palaearctic,1973-05-01,INPN,,MaterialCitation,
Oedemeridae,Oedemerinae,Stenostomatini,Stenostoma,,rostratum,,,,,,,,FR,Corsica,,Corse du Sud Sari-Solenzara ,,,,,41.81348,9.3524,palaearctic,1973-05-01,Schaefer (1964),,MaterialCitation,
Oedemeridae,Oedemerinae,Stenostomatini,Stenostoma,,rostratum,,,,,,,,FR,Corsica,,Corse du Sud Vico ,,,,,42.15079,8.73005,palaearctic,1931-07-01,INPN,,MaterialCitation,
Oedemeridae,Oedemerinae,Stenostomatini,Stenostoma,,rostratum,,,,,,,,FR,Corsica,,Haute Corse Aléria ,,,,,42.10611,9.49592,palaearctic,2014-06-27,INPN,,MaterialCitation,
Oedemeridae,Oedemerinae,Stenostomatini,Stenostoma,,rostratum,,,,,,,,FR,Corsica,,Haute Corse Aléria ,,,,,42.10611,9.49592,palaearctic,2014-06-27,Schaefer (1964),,MaterialCitation,
Oedemeridae,Oedemerinae,Stenostomatini,Stenostoma,,rostratum,,,,,,,,FR,Corsica,,"Haute Corse Aléria, plage du Caterage, Haute-Corse ",,,,,42.12,9.54,palaearctic,2002-07-01,Vazquez database,P. Leblanc,PreservedSpecimen,
Oedemeridae,Oedemerinae,Stenostomatini,Stenostoma,,rostratum,,,,,,,,FR,Corsica,,Haute Corse Bastia ,,,,,42.68641,9.42512,palaearctic,2007-07-05,INPN,,MaterialCitation,
Oedemeridae,Oedemerinae,Stenostomatini,Stenostoma,,rostratum,,,,,,,,FR,Corsica,,Les sables de Bisiglia,,,,,42.59,9.5,palaearctic,2021-07-07,MAB,P. Cerretti,PreservedSpecimen,
Oedemeridae,Oedemerinae,Stenostomatini,Stenostoma,,rostratum,,,,,,,,FR,Corsica,,Haute Corse dint. Aleria ,,,,,42.09,9.54,palaearctic,1982-08-02,coll. Poloni,L. Saltini,PreservedSpecimen,
Oedemeridae,Oedemerinae,Stenostomatini,Stenostoma,,rostratum,,,,,,,,FR,Corsica,,"Haute Corse Ghisonaccia Forêt de Pinia, littoral du marais de Cattolica",,,,,42.02042,9.47258,palaearctic,2021-05-22,INPN,,PreservedSpecimen,
Oedemeridae,Oedemerinae,Stenostomatini,Stenostoma,,rostratum,,,,,,,,FR,Corsica,,Haute Corse Linguezzetta Casamozza,,,,,42.51,9.53,palaearctic,1975-05-27,NMPC,Mühle,PreservedSpecimen,
Oedemeridae,Oedemerinae,Stenostomatini,Stenostoma,,rostratum,,,,,,,,FR,Corsica,,Haute Corse Linguizzetta ,,,,,42.1978,9.55618,palaearctic,2000-06-25,INPN,,PreservedSpecimen,
Oedemeridae,Oedemerinae,Stenostomatini,Stenostoma,,rostratum,,,,,,,,FR,Corsica,,Haute Corse Linguizzetta ,,,,,42.21776,9.50997,palaearctic,1988-07-01,INPN,,PreservedSpecimen,
Oedemeridae,Oedemerinae,Stenostomatini,Stenostoma,,rostratum,,,,,,,,FR,Corsica,,Haute Corse Moriani Plage ,,,,,42.37,9.53,palaearctic,1994-06-20/1994-06-22,MZUR,,PreservedSpecimen,
Oedemeridae,Oedemerinae,Stenostomatini,Stenostoma,,rostratum,,,,,,,,FR,Corsica,,Haute Corse Palasca ,,,,,42.66055507,9.061550102,palaearctic,2021-06-18,inaturalist,,PreservedSpecimen,
Oedemeridae,Oedemerinae,Stenostomatini,Stenostoma,,rostratum,,,,,,,2,FR,Corsica,,Haute Corse Palasca Foce F. Ostriconi,,,,,42.66,9.06,palaearctic,1982-08-1/1982-08-15,MAB,E. Colonnelli,PreservedSpecimen,
Oedemeridae,Oedemerinae,Stenostomatini,Stenostoma,,rostratum,,,,,,,,FR,Corsica,,Haute Corse Palasca plage de l'Ostriconi,,,,,42.66084,9.06072,palaearctic,2020-06-14,INPN,,MaterialCitation,
Oedemeridae,Oedemerinae,Stenostomatini,Stenostoma,,rostratum,,,,,,,,FR,Corsica,,Haute Corse San Giuliano loc. Pistonaccio,,0,,,42.28,9.55,palaearctic,2018-06-01,coll. Poloni,A. Marata,PreservedSpecimen,
Oedemeridae,Oedemerinae,Stenostomatini,Stenostoma,,rostratum,,,,,,,,FR,Corsica,,Haute Corse San-Giuliano ,,,,,42.25984,9.55573,palaearctic,2008-06-12,INPN,,MaterialCitation,
Oedemeridae,Oedemerinae,Stenostomatini,Stenostoma,,rostratum,,,,,,,,FR,Corsica,,Haute Corse Santa Lucia de Moriani ,,,,,42.37,9.53,palaearctic,1994-06-20/1994-06-22,NMPC,V. Novák,PreservedSpecimen,
Oedemeridae,Oedemerinae,Stenostomatini,Stenostoma,,rostratum,,,,,,,,FR,Corsica,,"Haute Corse Santo-Pietro-di-Tenda dune, plage de Saleccia",,,,,42.72432,9.19967,palaearctic,2020-06-20,INPN,,MaterialCitation,
Oedemeridae,Oedemerinae,Stenostomatini,Stenostoma,,rostratum,,,,,,,,FR,Corsica,,Haute Corse Ventiseri ,,,,,41.92695,9.39278,palaearctic,2021-05-18,INPN,,MaterialCitation,
Oedemeridae,Oedemerinae,Stenostomatini,Stenostoma,,rostratum,,,,,,,,FR,Corsica,,Haute Corse Ventiseri ,,,,,41.93402,9.4151,palaearctic,2021-05-21,INPN,,MaterialCitation,
Oedemeridae,Oedemerinae,Stenostomatini,Stenostoma,,rostratum,,,,,,,,FR,Corsica,,"Haute Corse, Palasca, plage de l'Ostriconi",,,,,42.661667,9.060833,palaearctic,2022-06-19,MAB,"A. Riccieri, V. Filippini, E. Erbani",PreservedSpecimen,
Oedemeridae,Oedemerinae,Stenostomatini,Stenostoma,,rostratum,,,,,,,,FR,Corsica,,"Pietrosella, Plage de Mare è Sole",,,,,41.8125,8.773056,palaearctic,2022-06-18,MAB,"A. Riccieri, V. Filippini, E. Erbani",PreservedSpecimen,
Oedemeridae,Oedemerinae,Stenostomatini,Stenostoma,,rostratum,,,,,,,,FR,Corsica,,"Propriano, Plage du Robinson",,,,,41.6475,8.873611,palaearctic,2022-06-18,MAB,"A. Riccieri, V. Filippini, E. Erbani",PreservedSpecimen,
Oedemeridae,Oedemerinae,Stenostomatini,Stenostoma,,rostratum,,,,,,,,FR,Corsica,,"Venzloasca, Plage de Cap Sud",,,,,42.5125,9.531944,palaearctic,2022-06-19,MAB,"A. Riccieri, V. Filippini, E. Erbani",PreservedSpecimen,
Oedemeridae,Oedemerinae,Stenostomatini,Stenostoma,,rostratum,,,,,,,,FR,Nouvelle-Aquitaine,,Charente M. Royan ,,,,,45.62,-1.05,palaearctic,,Magistretti (1942),,MaterialCitation,
Oedemeridae,Oedemerinae,Stenostomatini,Stenostoma,,rostratum,,,,,,,,FR,Nouvelle-Aquitaine,,Charente M. Saint-Georges-d'Oléron ,,,,,45.97605,-1.32386,palaearctic,2004-06-11,INPN,,MaterialCitation,
Oedemeridae,Oedemerinae,Stenostomatini,Stenostoma,,rostratum,,,,,,,,FR,Nouvelle-Aquitaine,,Charente M. Saint-Trojan-les-Bains ,,,,,45.83277,-1.22543,palaearctic,2018-06-28,INPN,,MaterialCitation,
Oedemeridae,Oedemerinae,Stenostomatini,Stenostoma,,rostratum,,,,,,,,FR,Nouvelle-Aquitaine,,"Gironde Cap Ferret, Gironde ",,,,,44.79,-1.23,palaearctic,1959-06-26,Vazquez database,P. Ardö,PreservedSpecimen,
Oedemeridae,Oedemerinae,Stenostomatini,Stenostoma,,rostratum,,,,,,,,FR,Nouvelle-Aquitaine,,Landes Moliets-et-Maa ,,,,,43.85863,-1.36103,palaearctic,2007-06-15,INPN,,MaterialCitation,
Oedemeridae,Oedemerinae,Stenostomatini,Stenostoma,,rostratum,,,,,,,,FR,Nouvelle-Aquitaine,,Landes Plage de Messanges ,,,,,43.214,-1.405,palaearctic,2011-07-24,inaturalist,,PreservedSpecimen,
Oedemeridae,Oedemerinae,Stenostomatini,Stenostoma,,rostratum,,,,,,,,FR,Nouvelle-Aquitaine,,Landes Seignosse ,,,,,43.71232,-1.43425,palaearctic,1994-07-05,INPN,,MaterialCitation,
Oedemeridae,Oedemerinae,Stenostomatini,Stenostoma,,rostratum,,,,,,,,FR,Occitanie,,Aude Leucate ,,,,,42.89955,3.02594,palaearctic,2019-07-20,INPN,,MaterialCitation,
Oedemeridae,Oedemerinae,Stenostomatini,Stenostoma,,rostratum,,,,,,,,FR,Occitanie,,Hérault Beziers ,,,,,43.25,3.31,palaearctic,,NMPC,,PreservedSpecimen,
Oedemeridae,Oedemerinae,Stenostomatini,Stenostoma,,rostratum,,,,,,,,FR,Occitanie,,Perpignan Canet-en-Roussillon ,,,37.876167N,13.382167E,42.6839,3.01091,palaearctic,1958-08-01,INPN,,MaterialCitation,su crataegus in fiore
Oedemeridae,Oedemerinae,Stenostomatini,Stenostoma,,rostratum,,,,,,,,FR,Provence-Alpes-Côte d'Azur,,Alpes Maritimes Golfe-Juan ,,,,,43.56,7.08,palaearctic,,Caillol (1919),,MaterialCitation,
Oedemeridae,Oedemerinae,Stenostomatini,Stenostoma,,rostratum,,,,,,,,FR,Provence-Alpes-Côte d'Azur,,"Bouche du Rhone Camargue, les Saintes-Maries-de-la Mer, ",,,,,43.5,4.46,palaearctic,,"Caillol, (1919)",,MaterialCitation,
Oedemeridae,Oedemerinae,Stenostomatini,Stenostoma,,rostratum,,,,,,,,FR,Provence-Alpes-Côte d'Azur,,Bouche du Rhone Saintes-Maries-de-la-Mer ,,,,,43.5042,4.46441,palaearctic,1997-06-13,INPN,,MaterialCitation,
Oedemeridae,Oedemerinae,Stenostomatini,Stenostoma,,rostratum,,,,,,,,FR,Provence-Alpes-Côte d'Azur,,Bouche du Rhone Saintes-Maries-de-la-Mer ,,,,,43.5042,4.46441,palaearctic,1960-07-02,INPN,,MaterialCitation,
Oedemeridae,Oedemerinae,Stenostomatini,Stenostoma,,rostratum,,,,,,,,FR,Provence-Alpes-Côte d'Azur,,Var Agay ,,,,,43.43,6.86,palaearctic,,Caillol (1919),,MaterialCitation,
Oedemeridae,Oedemerinae,Stenostomatini,Stenostoma,,rostratum,,,,,,,,FR,Provence-Alpes-Côte d'Azur,,Var Cavalaire ,,,,,43.17,6.53,palaearctic,,NMPC,,PreservedSpecimen,
Oedemeridae,Oedemerinae,Stenostomatini,Stenostoma,,rostratum,,,,,,,,FR,Provence-Alpes-Côte d'Azur,,Var Fréjus ,,,35.91N,-5.4W,43.47199,6.76368,palaearctic,1960-06-01,INPN,,MaterialCitation,
Oedemeridae,Oedemerinae,Stenostomatini,Stenostoma,,rostratum,,,,,,,,FR,Provence-Alpes-Côte d'Azur,,Var Fréjus ,,,34.85N,-4.6W,43.47199,6.76368,palaearctic,1950-07-23,INPN,,MaterialCitation,
Oedemeridae,Oedemerinae,Stenostomatini,Stenostoma,,rostratum,,,,,,,,FR,Provence-Alpes-Côte d'Azur,,Var Fréjus ,,,35.217N,-5.95W,43.08365,6.11959,palaearctic,1987-06-23,INPN,,MaterialCitation,
Oedemeridae,Oedemerinae,Stenostomatini,Stenostoma,,rostratum,,,,,,,,FR,Provence-Alpes-Côte d'Azur,,"Var Hyères , presqu’ile de Giens ",,,34.267N,-6.6W,43.04,6.13,palaearctic,,Caillol (1919),,MaterialCitation,
Oedemeridae,Oedemerinae,Stenostomatini,Stenostoma,,rostratum,,,,,,,,FR,Provence-Alpes-Côte d'Azur,,Var Le Lavandou ,,,33.433N,-5.217W,43.13,6.36,palaearctic,,NMPC,J. Obenberger,PreservedSpecimen,
Oedemeridae,Oedemerinae,Stenostomatini,Stenostoma,,rostratum,,,,,,,,FR,Provence-Alpes-Côte d'Azur,,Var Saint Raphael ,,,30.84N,-8.4W,43.42,6.75,palaearctic,,Caillol (1919),,MaterialCitation,
Oedemeridae,Oedemerinae,Stenostomatini,Stenostoma,,rostratum,,,,,,,,GR,Crete,,Crete Iraklion env. Ammoudara ,,,,,35.33,25.06,palaearctic,,Svhila (2005),,MaterialCitation,
Oedemeridae,Oedemerinae,Stenostomatini,Stenostoma,,rostratum,,,,,,,,GR,Crete,,Kissamos env. ,,,,,35.5,23.64,palaearctic,1980-06-3/1980-06-5,NMPC,"Bily, Brodsky ",PreservedSpecimen,
Oedemeridae,Oedemerinae,Stenostomatini,Stenostoma,,rostratum,,,,,,,,GR,Dodecanese,,Kos  ,,,,,36.89,27.29,palaearctic,,Kubisz & Iwan (2020),,MaterialCitation,
Oedemeridae,Oedemerinae,Stenostomatini,Stenostoma,,rostratum,,,,,,,,GR,Dodecanese,,Kos Marnari ,,,,,36.87,27.14,palaearctic,2001-05-8/2001-05-12,NMPC,Švec,MaterialCitation,
Oedemeridae,Oedemerinae,Stenostomatini,Stenostoma,,rostratum,,,,,,,,GR,Dodecanese,,Rhodes Psinthos Notio Aigaio,,,36.4049N,4.1170E,37.27,28.17,palaearctic,1991-07-09,GBIF,,MaterialCitation,
Oedemeridae,Oedemerinae,Stenostomatini,Stenostoma,,rostratum,,,,,,,,GR,Dodecanese ,,Rhodes Trianda ,,,,,36.42,28.15,palaearctic,,MVR,,PreservedSpecimen,
Oedemeridae,Oedemerinae,Stenostomatini,Stenostoma,,rostratum,,,,,,,,GR,Ionian islands,,Kerkyra ,,,,,39.66,19.75,palaearctic,1979-06-01,Vazquez database,S. Tolsgaard,PreservedSpecimen,
Oedemeridae,Oedemerinae,Stenostomatini,Stenostoma,,rostratum,,,,,,,,GR,Ionian islands,,Kerkyra A. Georgios - L. Korission,,,36.629N,4.5365E,39.44,19.9,palaearctic,2003-06-19/2003-06-27,NMPC,K. Schön,PreservedSpecimen,
Oedemeridae,Oedemerinae,Stenostomatini,Stenostoma,,rostratum,,,,,,,,GR,Ionian islands,,Zakynthos ,,,,,37.77,20.89,palaearctic,,Whitehead (1997),,MaterialCitation,
Oedemeridae,Oedemerinae,Stenostomatini,Stenostoma,,rostratum,,,,,,,,GR,Kyklades,,Naxos Naxos ,,,,,37.03,25.58,palaearctic,,Oertzen (1886),,MaterialCitation,
Oedemeridae,Oedemerinae,Stenostomatini,Stenostoma,,rostratum,,,,,,,,GR,Kyklades,,Naxos Naxos ,,,,,37.03,25.58,palaearctic,,Horion (1956),,MaterialCitation,
Oedemeridae,Oedemerinae,Stenostomatini,Stenostoma,,rostratum,,,,,,,,GR,Peloponnese,,Achaia Kalogria ,,,,,38.13,21.37,palaearctic,1993-05-14,NMPC,P. Jelinek,PreservedSpecimen,
Oedemeridae,Oedemerinae,Stenostomatini,Stenostoma,,rostratum,,,,,,,,GR,Peloponnese,,Achaia Killini beach.Termalbad ,,,,,37.87,21.1,palaearctic,1986-06-02,NMPC,Probst,PreservedSpecimen,
Oedemeridae,Oedemerinae,Stenostomatini,Stenostoma,,rostratum,,,,,,,,GR,Peloponnese,,"Ilia Pyrgos, Kaïafa, Dytiki ",,,,,37.51,21.59,palaearctic,1962-05-19,Vazquez database,J. L. Nicolas,PreservedSpecimen,
Oedemeridae,Oedemerinae,Stenostomatini,Stenostoma,,rostratum,,,,,,,,IL,,,Bat Yam ,,,,,32,34.73,palaearctic,1919-04-20,NMPC,Bitinsky-Salz,PreservedSpecimen,
Oedemeridae,Oedemerinae,Stenostomatini,Stenostoma,,rostratum,,,,Holotypus,,,1,IL,,,Tel Aviv ,,,,,32.11,34.78,palaearctic,,MVR,,PreservedSpecimen,
Oedemeridae,Oedemerinae,Stenostomatini,Stenostoma,,rostratum,,,,,,,,IT,Puglia,,Foggia Gargano Torre Spinale,,,,,41.93,16.08,palaearctic,,Angelini (1987),,MaterialCitation,
Oedemeridae,Oedemerinae,Stenostomatini,Stenostoma,,rostratum,,,,,,,,IT,Puglia,,Foggia Isola Varano ,,,,,41.91,15.69,palaearctic,2014-04-01,NMPC,,PreservedSpecimen,
Oedemeridae,Oedemerinae,Stenostomatini,Stenostoma,,rostratum,,,,,,,,IT,Puglia,,"Foggia, Rodi Garganico, lido Chalet sul Mare",,,,,41.921667,15.8325,palaearctic,2022-06-28,MAB,V. Filippini D. Lucente,PreservedSpecimen,
Oedemeridae,Oedemerinae,Stenostomatini,Stenostoma,,rostratum,,,,,,,,IT,Puglia,,Lecce Casalabate ,,,,,40.49,18.11,palaearctic,,Coll. Angelini,,PreservedSpecimen,
Oedemeridae,Oedemerinae,Stenostomatini,Stenostoma,,rostratum,,,,,,,,IT,Puglia,,Lecce Gallipoli ,,,,,40.06,17.99,palaearctic,,Magistretti (1962a),,MaterialCitation,
Oedemeridae,Oedemerinae,Stenostomatini,Stenostoma,,rostratum,,,,,,,,IT,Puglia,,Taranto Chiatona ,,,,,40.51,17.06,palaearctic,,MZUCT,,PreservedSpecimen,
Oedemeridae,Oedemerinae,Stenostomatini,Stenostoma,,rostratum,,,,,,,,IT,Puglia,,Taranto S. Pietro Bevagna ,,,,,40.3,17.68,palaearctic,,Coll. Angelini,,PreservedSpecimen,
Oedemeridae,Oedemerinae,Stenostomatini,Stenostoma,,rostratum,,,,,,,,IT,Puglia,,"Taranto, Massafra, Chiatona",,,,,40.470556,16.948889,palaearctic,2022-07-03,MAB,V. Filippini D. Lucente,PreservedSpecimen,
Oedemeridae,Oedemerinae,Stenostomatini,Stenostoma,,rostratum,,,,,,,,IT,Basilicata,,Matera Policoro ,,,,,40.18,16.71,palaearctic,,Coll. Angelini,,PreservedSpecimen,
Oedemeridae,Oedemerinae,Stenostomatini,Stenostoma,,rostratum,,,,,,,,IT,Basilicata,,Matera Policoro Casco Pantano Res. 5 Km,,,,,40.16,16.69,palaearctic,2006-06-17,NMPC,P. Kresl,PreservedSpecimen,
Oedemeridae,Oedemerinae,Stenostomatini,Stenostoma,,rostratum,,,,,,,,IT,Basilicata,,Matera Sinni River (mouth probably) ,,,,,40.15,16.68,palaearctic,,Magistretti (1962a),,PreservedSpecimen,
Oedemeridae,Oedemerinae,Stenostomatini,Stenostoma,,rostratum,,,,,,,,IT,Calabria,,Catanzaro Nicotera marina duna ,,,,,38.53,15.93,palaearctic,1989-06-13,MAB,P. Audisio,PreservedSpecimen,
Oedemeridae,Oedemerinae,Stenostomatini,Stenostoma,,rostratum,,,,,,,,IT,Calabria,,Cosenza Foce F. Crati ,,,,,39.7,16.52,palaearctic,,Magistretti (1962a),,MaterialCitation,
Oedemeridae,Oedemerinae,Stenostomatini,Stenostoma,,rostratum,,,,,,,,IT,Calabria,,Cosenza Verbicaro-Lao ,,,,,39.77,15.79,palaearctic,,Vazquez database,B. Palm,PreservedSpecimen,
Oedemeridae,Oedemerinae,Stenostomatini,Stenostoma,,rostratum,,,,,,,,IT,Calabria,,Reggio Calabria Brancaleone litorale,,,,,37.96,16.1,palaearctic,,Petagna (1787),,MaterialCitation,
Oedemeridae,Oedemerinae,Stenostomatini,Stenostoma,,rostratum,,,,,,,,IT,Campania,,Caserta Foce F. Garigliano ,,,,,41.22,13.76,palaearctic,,Magistretti (1967),,MaterialCitation,
Oedemeridae,Oedemerinae,Stenostomatini,Stenostoma,,rostratum,,,,,,,,IT,Campania,,Caserta Foce F. Volturno ,,,,,41.02,13.92,palaearctic,,Magistretti (1967),,MaterialCitation,
Oedemeridae,Oedemerinae,Stenostomatini,Stenostoma,,rostratum,,,,,,,,IT,Campania,,Caserta L. del Fusaro ,,,,,40.82,14.04,palaearctic,,Magistretti (1967),,MaterialCitation,
Oedemeridae,Oedemerinae,Stenostomatini,Stenostoma,,rostratum,,,,,,,,IT,Campania,,Caserta L. di Patria ,,,,,40.93,14.01,palaearctic,,Magistretti (1967),,MaterialCitation,
Oedemeridae,Oedemerinae,Stenostomatini,Stenostoma,,rostratum,,,,,,,,IT,Campania,,"Caserta, Castel Volturno",,,,,40.923056,14.019444,palaearctic,2022-07-01,MAB,V. Filippini D. Lucente,PreservedSpecimen,
Oedemeridae,Oedemerinae,Stenostomatini,Stenostoma,,rostratum,,,,,,,,IT,Campania,,"Caserta, Lido Bikini",,,,,41.014167,13.935556,palaearctic,2022-07-01,MAB,V. Filippini D. Lucente,PreservedSpecimen,
Oedemeridae,Oedemerinae,Stenostomatini,Stenostoma,,rostratum,,,,,,,,IT,Campania,,Salerno Battipaglia Spineta Nuova,,,,,40.57,14.88,palaearctic,,MAB,,PreservedSpecimen,
Oedemeridae,Oedemerinae,Stenostomatini,Stenostoma,,rostratum,,,,,,,,IT,Campania,,Salerno foci del fiume Mingardo ,,,,,40.03,15.31,palaearctic,1991-07-24,MAB,P. Audisio,PreservedSpecimen,
Oedemeridae,Oedemerinae,Stenostomatini,Stenostoma,,rostratum,,,,,,,,IT,Lazio,,Latina Circeo Caprolace dunes,,,,,41.34,12.96,palaearctic,1977-07-16,MAB,M. Bologna,PreservedSpecimen,
Oedemeridae,Oedemerinae,Stenostomatini,Stenostoma,,rostratum,,,,,,,,IT,Lazio,,Latina Circeo Caprolace dunes,,,,,41.34,12.96,palaearctic,1977-07-16,MZUR,M. Bologna,PreservedSpecimen,
Oedemeridae,Oedemerinae,Stenostomatini,Stenostoma,,rostratum,,,,,,,,IT,Lazio,,Latina Circeo Torre Paola dune,,,,,41.24,13.03,palaearctic,1977-05-27,MAB,M. Bologna,PreservedSpecimen,
Oedemeridae,Oedemerinae,Stenostomatini,Stenostoma,,rostratum,,,,,,,,IT,Lazio,,Latina Gaeta ,,,,,41.21,13.56,palaearctic,,Magistretti (1967),,MaterialCitation,
Oedemeridae,Oedemerinae,Stenostomatini,Stenostoma,,rostratum,,,,,,,,IT,Lazio,,Latina Lago Coprolace ,,,,,41.34,12.96,palaearctic,1978-06-08,MAB,G. Carpaneto,PreservedSpecimen,
Oedemeridae,Oedemerinae,Stenostomatini,Stenostoma,,rostratum,,,,,,,,IT,Lazio,,Latina Lago Lungo ,,,,,41.27,13.39,palaearctic,,MZUCT,,PreservedSpecimen,
Oedemeridae,Oedemerinae,Stenostomatini,Stenostoma,,rostratum,,,,,,,,IT,Lazio,,Latina Minturno ,,,,,41.24,13.73,palaearctic,,Magistretti (1967),,MaterialCitation,
Oedemeridae,Oedemerinae,Stenostomatini,Stenostoma,,rostratum,,,,,,,,IT,Lazio,,Latina Sabaudia ,,,,,41.29,13.01,palaearctic,2021-06-01,MAB,E. Capogna,PreservedSpecimen,
Oedemeridae,Oedemerinae,Stenostomatini,Stenostoma,,rostratum,,,,,,,,IT,Lazio,,Latina Sabaudia ,,,,,41.29,13.01,palaearctic,,MAB,,PreservedSpecimen,
Oedemeridae,Oedemerinae,Stenostomatini,Stenostoma,,rostratum,,,,,,,,IT,Lazio,,Latina Sabaudia Sacremento,,,,,41.33,12.98,palaearctic,2003-05-18,MAB,S. Carloni,PreservedSpecimen,
Oedemeridae,Oedemerinae,Stenostomatini,Stenostoma,,rostratum,,,,,,,,IT,Lazio,,Latina Sacremento Duna Lago di Coprolace,,,,,41.34,12.96,palaearctic,2002-06-08,MAB,S. Carloni,PreservedSpecimen,
Oedemeridae,Oedemerinae,Stenostomatini,Stenostoma,,rostratum,,,,,,,,IT,Lazio,,Latina Sperlonga ,,,37.966N,21.883E,41.26,13.41,palaearctic,,Magistretti (1967),,MaterialCitation,
Oedemeridae,Oedemerinae,Stenostomatini,Stenostoma,,rostratum,,,,,,,,IT,Lazio,,"Roma Castel Porziano Duna ""0 Bis""",,,,,41.69,12.35,palaearctic,1997-05-23,MAB,"F. De Salvo, M. Bologna",PreservedSpecimen,
Oedemeridae,Oedemerinae,Stenostomatini,Stenostoma,,rostratum,,,,,,,,IT,Lazio,,"Roma Castel Porziano Duna ""1""",,,,,41.69,12.35,palaearctic,1997-05-23,MAB,"F. De Salvo, M. Bologna",PreservedSpecimen,
Oedemeridae,Oedemerinae,Stenostomatini,Stenostoma,,rostratum,,,,,,,,IT,Lazio,,"Roma Castel Porziano Duna ""2C""",,,,,41.69,12.35,palaearctic,1997-05-23,MAB,"F. De Salvo, M. Bologna",PreservedSpecimen,
Oedemeridae,Oedemerinae,Stenostomatini,Stenostoma,,rostratum,,,,,,,,IT,Lazio,,Roma Fiumicino ,,,,,41.78,12.22,palaearctic,,MZUR,,PreservedSpecimen,
Oedemeridae,Oedemerinae,Stenostomatini,Stenostoma,,rostratum,,,,,,,,IT,Lazio,,Roma Focene ,,,,,41.8,12.21,palaearctic,,Bologna (1981),,MaterialCitation,
Oedemeridae,Oedemerinae,Stenostomatini,Stenostoma,,rostratum,,,,,,,,IT,Lazio,,Roma Fregene ,,,,,41.85,12.18,palaearctic,,Binaghi (1964),,MaterialCitation,
Oedemeridae,Oedemerinae,Stenostomatini,Stenostoma,,rostratum,,,,,,,,IT,Lazio,,"Roma Ladispoli Torre Flavia, dune",,,,,41.96,12.04,palaearctic,2021-06-19/2021-07-01,MAB,"E. Silvia, De Michelis",PreservedSpecimen,
Oedemeridae,Oedemerinae,Stenostomatini,Stenostoma,,rostratum,,,,,,,,IT,Lazio,,Roma Maccarese ,,,,,41.87,12.18,palaearctic,,MZUR,,PreservedSpecimen,
Oedemeridae,Oedemerinae,Stenostomatini,Stenostoma,,rostratum,,,,,,,,IT,Lazio,,Roma Torvaianica Sabbie d'Oro,,,,,41.57,12.5,palaearctic,1969-07-07,MAB,Colonnelli,PreservedSpecimen,
Oedemeridae,Oedemerinae,Stenostomatini,Stenostoma,,rostratum,,,,,,,,IT,Lazio,,Montalto di Castro ,,,,,42.33,11.57,palaearctic,2021-06-22,MAB,E. Capogna,PreservedSpecimen,
Oedemeridae,Oedemerinae,Stenostomatini,Stenostoma,,rostratum,,,,,,,,IT,Lazio,,Viterbo Tarquinia Spiaggia,,,,,42.21,11.7,palaearctic,,MZUR,,PreservedSpecimen,
Oedemeridae,Oedemerinae,Stenostomatini,Stenostoma,,rostratum,,,,,,,,IT,Sardegna,,Porto Ferro Beach,,,,,40.68,8.2,palaearctic,2021-06-22/2021-06-25,MAB,"M. A. Bologna, A. Riccieri",PreservedSpecimen,
Oedemeridae,Oedemerinae,Stenostomatini,Stenostoma,,rostratum,,,,,,,,IT,Sardegna,,Nuoro Bosa ,,,,,40.28,8.48,palaearctic,,"Magistretti (1967), Giffi (1991), Montalto & Bologna (2011)",,MaterialCitation,
Oedemeridae,Oedemerinae,Stenostomatini,Stenostoma,,rostratum,,,,,,,,IT,Sardegna,,Nuoro Bosa ,,,,,40.54,9.79,palaearctic,2004-06-27/2004-07-03,MAB,Cornacchia-Scaglioni,PreservedSpecimen,
Oedemeridae,Oedemerinae,Stenostomatini,Stenostoma,,rostratum,,,,,,,,IT,Sardegna,,Nuoro Capo Comino Baronia,,,,,40.54,9.79,palaearctic,2001-07-01,Montalto & Bologna (2011),,MaterialCitation,(bosco di ABETE BIANCO)
Oedemeridae,Oedemerinae,Stenostomatini,Stenostoma,,rostratum,,,,,,,,IT,Sardegna,,"Nuoro, La Caletta, Spiaggia S'Arenarju",,,,,40.600278,9.751389,palaearctic,2022-06-17,MAB,"A. Riccieri, V. Filippini, E. Erbani",PreservedSpecimen,
Oedemeridae,Oedemerinae,Stenostomatini,Stenostoma,,rostratum,,,,,,,,IT,Sardegna,,"Nuoro, Lotzorai, Spiaggia di Isula Manna",,,,,39.956389,9.684722,palaearctic,2022-06-16,MAB,"A. Riccieri, V. Filippini, E. Erbani",PreservedSpecimen,
Oedemeridae,Oedemerinae,Stenostomatini,Stenostoma,,rostratum,,,,,,,,IT,Sardegna,,"Nuoro, Siniscola, Spiaggia di Capo Comino",,,,,40.541944,9.798056,palaearctic,2022-06-17,MAB,"A. Riccieri, V. Filippini, E. Erbani",PreservedSpecimen,
Oedemeridae,Oedemerinae,Stenostomatini,Stenostoma,,rostratum,,,,,,,,IT,Sardegna,,Olbia Tempio Pausania Golfo Aranci ,,,,,40.99,9.62,palaearctic,,"Magistretti (1942, 1967), Giffi (1991), Bologna & Montalto (2011)",,MaterialCitation,
Oedemeridae,Oedemerinae,Stenostomatini,Stenostoma,,rostratum,,,,,,,,IT,Sardegna,,"Narbolia, Is Arenas, camping Nurapolis",,,,,40.06,8.46,palaearctic,2021-06-24,MAB,"M. A. Bologna, A. Riccieri",PreservedSpecimen,
Oedemeridae,Oedemerinae,Stenostomatini,Stenostoma,,rostratum,,,,,,,,IT,Sardegna,,Oristano Pistis ,,,,,39.68946167,8.451855,palaearctic,2009-06-03,inaturalist,,MaterialCitation,
Oedemeridae,Oedemerinae,Stenostomatini,Stenostoma,,rostratum,,,,,,,,IT,Sardegna,,Sassari  S. Teresa ,,,,,41.23,9.18,palaearctic,1968-06,Vazquez database,Palm,PreservedSpecimen,
Oedemeridae,Oedemerinae,Stenostomatini,Stenostoma,,rostratum,,,,,,,,IT,Sardegna,,"Sassari Alghero  La Nurra, Porto Ferro",,,,,40.68,8.2,palaearctic,1999-07-04,"Montalto & Bologna, 2011",,MaterialCitation,
Oedemeridae,Oedemerinae,Stenostomatini,Stenostoma,,rostratum,,,,,,,,IT,Sardegna,,Sassari Isola Rossa Porto Torres,,,,,40.97514696,8.855401576,palaearctic,2020-06-06,inaturalist,,MaterialCitation,
Oedemeridae,Oedemerinae,Stenostomatini,Stenostoma,,rostratum,,,,,,,,IT,Sardegna,,Sassari Platamona ,,,,,40.81,8.47,palaearctic,2004-07-03,MVR,,PreservedSpecimen,
Oedemeridae,Oedemerinae,Stenostomatini,Stenostoma,,rostratum,,,,,,,,IT,Sardegna,,Sassari Porto Torres Marina di Sorso,,,,,40.82,8.54,palaearctic,2021-08-05,MAB,N. Patelli,PreservedSpecimen,
Oedemeridae,Oedemerinae,Stenostomatini,Stenostoma,,rostratum,,,,,,,,IT,Sardegna,,Sassari Porto Torres Marina di Sorso,,,,,40.82,8.54,palaearctic,2021-08-05,coll. Poloni,N. Patelli,PreservedSpecimen,
Oedemeridae,Oedemerinae,Stenostomatini,Stenostoma,,rostratum,,,,,,,,IT,Sardegna,,Sassari Santa Teresa di Gallura ,,,,,41.24,9.18,palaearctic,2012-06-23,FNM,,MaterialCitation,
Oedemeridae,Oedemerinae,Stenostomatini,Stenostoma,,rostratum,,,,,,,,IT,Sardegna,,Sassari Sorso ,,,,,40.82,8.54,palaearctic,,Magistretti (1967),,MaterialCitation,
Oedemeridae,Oedemerinae,Stenostomatini,Stenostoma,,rostratum,,,,,,,,IT,Sardegna,,Sud Sardegna Arbus dune di Scivu,,,,,39.49,8.41,palaearctic,2013-06-16,FEI,,MaterialCitation,
Oedemeridae,Oedemerinae,Stenostomatini,Stenostoma,,rostratum,,,,,,,,IT,Sardegna,,Sud Sardegna Arbus Marina di Arbus,,,,,39.6,8.47,palaearctic,2006-07-14,Montalto & Bologna (2011),,MaterialCitation,
Oedemeridae,Oedemerinae,Stenostomatini,Stenostoma,,rostratum,,,,,,,,IT,Sardegna,,Sud Sardegna Arbus Piscinas,,,,,39.54,8.44,palaearctic,2004-06-10,Montalto & Bologna (2011),,MaterialCitation,
Oedemeridae,Oedemerinae,Stenostomatini,Stenostoma,,rostratum,,,,,,,,IT,Sardegna,,Sud Sardegna Arbus Piscinas,,,,,39.54,8.44,palaearctic,2006-05-25,Montalto & Bologna (2011),,MaterialCitation,
Oedemeridae,Oedemerinae,Stenostomatini,Stenostoma,,rostratum,,,,,,,,IT,Sardegna,,"Sud Sardegna Buggerru foce Rio Mannu, dune",,,,,39.43,8.41,palaearctic,2004-06-14,MAB,"G. Nardi, D. Birtele, P. Cerretti, M. Tisato, D. Whitmore, ",PreservedSpecimen,
Oedemeridae,Oedemerinae,Stenostomatini,Stenostoma,,rostratum,,,,,,,,IT,Sardegna,,Sud Sardegna Is. di San Pietro ,,,,,39.14,8.27,palaearctic,1985-06-18,MVR,,PreservedSpecimen,
Oedemeridae,Oedemerinae,Stenostomatini,Stenostoma,,rostratum,,,,,,,,IT,Sardegna,,Sud Sardegna Isola di S. Antioco Calasetta,,,,,39.08,8.35,palaearctic,2017-05-27,coll. Poloni,R. Rattu,PreservedSpecimen,
Oedemeridae,Oedemerinae,Stenostomatini,Stenostoma,,rostratum,,,,,,,,IT,Sardegna,,"Sud Sardinia, Arbus, Spiaggia di Piscinas",,,,,39.540833,8.449167,palaearctic,2022-06-16,MAB,"A. Riccieri, V. Filippini, E. Erbani",PreservedSpecimen,
Oedemeridae,Oedemerinae,Stenostomatini,Stenostoma,,rostratum,,,,,,,,IT,Sardegna,,"Sud Sardinia, Buggerru, Spiaggia di Portixeddu",,,,,39.441111,8.411389,palaearctic,2022-06-15,MAB,"A. Riccieri, V. Filippini, E. Erbani",PreservedSpecimen,
Oedemeridae,Oedemerinae,Stenostomatini,Stenostoma,,rostratum,,,,,,,,IT,Sardegna,,"Sud Sardinia, Teulada, Spiaggia di Porto Pino",,,,,39.441111,8.616944,palaearctic,2022-06-15,MAB,"A. Riccieri, V. Filippini, E. Erbani",PreservedSpecimen,
Oedemeridae,Oedemerinae,Stenostomatini,Stenostoma,,rostratum,,,,,,,,IT,Sardegna,,"Sud Sardinia, Villaputzu, Spiaggia Foxi de sa Carina",,,,,39.424444,9.625278,palaearctic,2022-06-16,MAB,"A. Riccieri, V. Filippini, E. Erbani",PreservedSpecimen,
Oedemeridae,Oedemerinae,Stenostomatini,Stenostoma,,rostratum,,,,,,,,IT,Sicilia,,"Caltanissetta, Sikania Resort, a N di Marina di Butera",,,,,37.1,14.09,palaearctic,2022-06-27,MAB,M. Bologna,PreservedSpecimen,
Oedemeridae,Oedemerinae,Stenostomatini,Stenostoma,,rostratum,,,,,,,,IT,Sicilia,,Messina Bauso ,,,,,38.24,15.42,palaearctic,,Vitale (1906),,MaterialCitation,
Oedemeridae,Oedemerinae,Stenostomatini,Stenostoma,,rostratum,,,,,,,,IT,Sicilia,,Messina Foce Corsari ,,,,,38.29,15.55,palaearctic,,MVR,,PreservedSpecimen,
Oedemeridae,Oedemerinae,Stenostomatini,Stenostoma,,rostratum,,,,,,,,IT,Sicilia,,Messina Ganzirri ,,,,,38.25,15.6,palaearctic,,Vitale (1904),,MaterialCitation,
Oedemeridae,Oedemerinae,Stenostomatini,Stenostoma,,rostratum,,,,,,,,IT,Sicilia,,Messina Rodia ,,,,,38.27,15.47,palaearctic,,Vitale (1906),,MaterialCitation,
Oedemeridae,Oedemerinae,Stenostomatini,Stenostoma,,rostratum,,,,,,,,IT,Sicilia,,Messina Tarantonio ,,,,,38.25,15.46,palaearctic,,Vitale (1906),,MaterialCitation,
Oedemeridae,Oedemerinae,Stenostomatini,Stenostoma,,rostratum,,,,,,,,IT,Sicilia,,Messina Torre del faro ,,,,,38.26,15.65,palaearctic,,"Vitale (1904, 1906)",,MaterialCitation,
Oedemeridae,Oedemerinae,Stenostomatini,Stenostoma,,rostratum,,,,,,,,IT,Sicilia,,Messina Villafranca ,,,,,38.24,15.42,palaearctic,,MZUR,,PreservedSpecimen,
Oedemeridae,Oedemerinae,Stenostomatini,Stenostoma,,rostratum,,,,,,,,IT,Sicilia,,Palemo Isola delle femmine ,,,37.561N,30.805E,38.2,13.24,palaearctic,,Arnone & Vazquez (1998),,MaterialCitation,
Oedemeridae,Oedemerinae,Stenostomatini,Stenostoma,,rostratum,,,,,,,,IT,Sicilia,,Palermo Palermo (Scopello) ,,,,,38.07,12.81,palaearctic,,Vazquez database,R. Alliata,PreservedSpecimen,
Oedemeridae,Oedemerinae,Stenostomatini,Stenostoma,,rostratum,,,,,,,,IT,Sicilia,,Punta Braccetto,,,,,36.83,14.45,palaearctic,2021-06-12,MAB,"M. A. Bologna, C. Marangoni",PreservedSpecimen,
Oedemeridae,Oedemerinae,Stenostomatini,Stenostoma,,rostratum,,,,,,,,IT,Sicilia,,"Ragusa, Ippar, Scoglitti, Dune. ",,,,,36.87,14.43,palaearctic,2022-06-27,MAB,M. Bologna,PreservedSpecimen,
Oedemeridae,Oedemerinae,Stenostomatini,Stenostoma,,rostratum,,,,,,,,IT,Sicilia,,"Ragusa, Marina di Acate, Dune. ",,,,,36.97,14.36,palaearctic,2022-06-27,MAB,M. Bologna,PreservedSpecimen,
Oedemeridae,Oedemerinae,Stenostomatini,Stenostoma,,rostratum,,,,,,,,IT,Sicilia,,"Ragusa, Pozzallo, Grottelle, Dune ",,,,,36.73,14.87,palaearctic,2022-06-28/2022-06-30,MAB,M. Bologna,PreservedSpecimen,
Oedemeridae,Oedemerinae,Stenostomatini,Stenostoma,,rostratum,,,,,,,2,IT,Sicilia,,Siracusa Capo Passero Porto Palo,,,,,36.67,15.13,palaearctic,1992-06-04,MAB,M. Bologna,PreservedSpecimen,
Oedemeridae,Oedemerinae,Stenostomatini,Stenostoma,,rostratum,,,,,,,,IT,Sicilia,,Trapani Castellammare ,,,,,38.03,12.87,palaearctic,,Arnone & Vazquez (1998),,MaterialCitation,
Oedemeridae,Oedemerinae,Stenostomatini,Stenostoma,,rostratum,,,,,,,,IT,Sicilia,,Trapani Foce del Belice ,,,,,37.58,12.86,palaearctic,2013-05-28,FEI,,MaterialCitation,
Oedemeridae,Oedemerinae,Stenostomatini,Stenostoma,,rostratum,,,,,,,,IT,Sicilia,,Trapani Marinella di Selinunte Foce del Modione,,,46.1N,11.9E,37.58,12.82,palaearctic,1919-06-12,coll. Poloni,M. Pavesi,PreservedSpecimen,
Oedemeridae,Oedemerinae,Stenostomatini,Stenostoma,,rostratum,,,,,,,,IT,Sicilia,,Trapani Scopello ,,,,,38.07,12.82,palaearctic,,Arnone & Vazquez (1998),,MaterialCitation,
Oedemeridae,Oedemerinae,Stenostomatini,Stenostoma,,rostratum,,,,,,,,IT,Sicilia,,Trapani Selinunte ,,,,,37.58,12.82,palaearctic,,MZUCT,,PreservedSpecimen,
Oedemeridae,Oedemerinae,Stenostomatini,Stenostoma,,rostratum,,,,,,,,IT,Toscana,,Grosseto Albinia loc. Calametta,,,,,42.49,11.19,palaearctic,1974-07-01,MAB,Liberto,PreservedSpecimen,
Oedemeridae,Oedemerinae,Stenostomatini,Stenostoma,,rostratum,,,,,,,,IT,Toscana,,Grosseto Ansedonia La Feniglia,,,,,42.41,11.24,palaearctic,1976-06-18,Bologna (1981),,MaterialCitation,
Oedemeridae,Oedemerinae,Stenostomatini,Stenostoma,,rostratum,,,,,,,,IT,Toscana,,Grosseto M. Uccellina Torre Collelungo ,,,,,42.63,11.06,palaearctic,1987-07-10/1987-07-18,MVR,,PreservedSpecimen,
Oedemeridae,Oedemerinae,Stenostomatini,Stenostoma,,rostratum,,,,,,,,IT,Toscana,,"Grosseto, Capalbio, Spiaggia Oasi WWF Lago di Burano",,,,,42.39,11.37,palaearctic,2022-05-27,MAB,"A. Riccieri, V. Filippini, E. Erbani, L. Spagoni",PreservedSpecimen,
Oedemeridae,Oedemerinae,Stenostomatini,Stenostoma,,rostratum,,,,,,,,IT,Toscana,,Livorno Cecina ,,,,,43.3,10.48,palaearctic,,Magistretti (1967),,MaterialCitation,
Oedemeridae,Oedemerinae,Stenostomatini,Stenostoma,,rostratum,,,,,,,,IT,Toscana,,Lucca Marina di Pietrasanta ,,,,,43.92,10.19,palaearctic,,Magistretti (1967),,MaterialCitation,
Oedemeridae,Oedemerinae,Stenostomatini,Stenostoma,,rostratum,,,,,,,,IT,Toscana,,Lucca Viareggio ,,,,,43.84,10.24,palaearctic,,MCZR,,PreservedSpecimen,
Oedemeridae,Oedemerinae,Stenostomatini,Stenostoma,,rostratum,,,,,,,,IT,Toscana,,Massa Carrara Ronchi ,,,,,43.98,10.12,palaearctic,,Magistretti (1967),,PreservedSpecimen,
Oedemeridae,Oedemerinae,Stenostomatini,Stenostoma,,rostratum,,,,,,,,IT,Toscana,,Pisa Tombolo ,,,,,43.6,10.28,palaearctic,,Magistretti (1967),,PreservedSpecimen,
Oedemeridae,Oedemerinae,Stenostomatini,Stenostoma,,rostratum,,,,,,,,ME,,,Ulciny Ulciny ,,,,,41.9,19.24,palaearctic,,≈†vhila (2005),,MaterialCitation,
Oedemeridae,Oedemerinae,Stenostomatini,Stenostoma,,rostratum,,,,,,,,MA,Casablanca-Saettat,,Casablanca Casablanca ,,,,,33.6,-7.61,palaearctic,1926-05-06,Vazquez database,Lindberg,PreservedSpecimen,
Oedemeridae,Oedemerinae,Stenostomatini,Stenostoma,,rostratum,,,,,,,,MA,Casablanca-Saettat,,Casablanca Magazan ,,,,,33.27,-8.39,palaearctic,,NMPC,Escalera,PreservedSpecimen,
Oedemeridae,Oedemerinae,Stenostomatini,Stenostoma,,rostratum,,,,,,,,MA,Casablanca-Saettat,,El  Jadida El Jadida  25-35km N Azzemour,,,,,33.44,-8.04,palaearctic,2004-05-11/2004-05-12,NMPC,G. Sama,PreservedSpecimen,
Oedemeridae,Oedemerinae,Stenostomatini,Stenostoma,,rostratum,,,,,,,,MA,Casablanca-Saettat,,El  Jadida El Jadida env. ,,,,,33.44,-8.04,palaearctic,2007-05-19,NMPC,V. Novák,PreservedSpecimen,
Oedemeridae,Oedemerinae,Stenostomatini,Stenostoma,,rostratum,,,,,,,,MA,La√¢youne-Sakia El Hamra,,Tarfaya Cabo Juby ,,,,,27.94,-12.92,palaearctic,,Martenez de la Escalera (1914),,MaterialCitation,
Oedemeridae,Oedemerinae,Stenostomatini,Stenostoma,,rostratum,,,,,,,,MA,Rabat,,Kénitra  Foret de la Mamora ,,0-50,,,34.21,-6.69,palaearctic,2005-05-20/2005-05-21,NMPC,,PreservedSpecimen,
Oedemeridae,Oedemerinae,Stenostomatini,Stenostoma,,rostratum,,,,,,,,MA,Rabat,,Kénitra  Foret de la Mamora ,,,,,34.88,-6.29,palaearctic,,≈†vhila (2005),,MaterialCitation,
Oedemeridae,Oedemerinae,Stenostomatini,Stenostoma,,rostratum,,,,,,,,MA,Rabat,,"Kenitra, Plage du Sidi Boughaba",,,,,34.215098,-6.694575,palaearctic,2022-05-30,coll. Poloni,R. Poloni,PreservedSpecimen,
Oedemeridae,Oedemerinae,Stenostomatini,Stenostoma,,rostratum,,,,,,,,MA,Rabat,,Rabat  Mamora foret,,,,,34.21,-6.69,palaearctic,1976-06-01,NMPC,Z. Taborsky,PreservedSpecimen,
Oedemeridae,Oedemerinae,Stenostomatini,Stenostoma,,rostratum,,,,,,,,MA,Tanger-Ttetouan-Hal Hoceima,,"Larache 40 Km S Larache, 0-20 m",,,,,34.85,-6.3,palaearctic,1989-04-23/1989-04-24,Vazquez database,Zool. Mus. Copenhagen Exp,PreservedSpecimen,
Oedemeridae,Oedemerinae,Stenostomatini,Stenostoma,,rostratum,,,,,,,,MA,Tanger-Ttetouan-Hal Hoceima,,Larache Larache ,,,,,35.2,-6.15,palaearctic,,Vazquez database,,PreservedSpecimen,
Oedemeridae,Oedemerinae,Stenostomatini,Stenostoma,,rostratum,,,,,,,,MA,Tanger-Ttetouan-Hal Hoceima,,Tanger Tanger ,,,,,35.78,-5.81,palaearctic,2006-06,Vazquez database,Escalera,PreservedSpecimen,
Oedemeridae,Oedemerinae,Stenostomatini,Stenostoma,,rostratum,,,,,,,,MA,Tanger-Ttetouan-Hal Hoceima,,Tetouan Ras el Aswad ,,,,,35.78,-5.36,palaearctic,,Vazquez database,,PreservedSpecimen,
Oedemeridae,Oedemerinae,Stenostomatini,Stenostoma,,rostratum,,,,,,,,PT,Algarve,,Albufeira Albufeira ,,,,,37.08,-8.25,palaearctic,1971-06-04,Vazquez database,Dahl,PreservedSpecimen,
Oedemeridae,Oedemerinae,Stenostomatini,Stenostoma,,rostratum,,,,,,,,PT,Algarve,,Alvor Lagos ,,,,,37.10511746,-8.666618202,palaearctic,2021-06-23,inaturalist,,MaterialCitation,
Oedemeridae,Oedemerinae,Stenostomatini,Stenostoma,,rostratum,,,,,,,,PT,Algarve,,Alvor Ria do Alvor ,,,,,37.04,-8.66,palaearctic,1982-05-16,Vazquez database,A. Zuzarte,PreservedSpecimen,
Oedemeridae,Oedemerinae,Stenostomatini,Stenostoma,,rostratum,,,,,,,,PT,Algarve,,Faro Carrapateira 20km N Sagres,,,,,37.18,-8.91,palaearctic,2001-08-09,NMPC,Schmid-Egger,PreservedSpecimen,
Oedemeridae,Oedemerinae,Stenostomatini,Stenostoma,,rostratum,,,,,,,,PT,Algarve,,Faro Ihla do Farol ,,,,,36.97,-7.86,palaearctic,2015-07-21,Vazquez database,J. Lehnertova,PreservedSpecimen,
Oedemeridae,Oedemerinae,Stenostomatini,Stenostoma,,rostratum,,,,,,,,PT,Algarve,,Faro Quinta do Lago ,,,,,37.023439,-8.022143,palaearctic,2015-07-19,inaturalist,,MaterialCitation,
Oedemeridae,Oedemerinae,Stenostomatini,Stenostoma,,rostratum,,,,,,,,PT,Algarve,,Faro Quinta do Lago ,,,,,37.03,-8.04,palaearctic,2013-06-15,GBIF,,MaterialCitation,
Oedemeridae,Oedemerinae,Stenostomatini,Stenostoma,,rostratum,,,,,,,,PT,Algarve,,Faro Villa real de Sancto Antonio ,,,,,37.19,-7.42,palaearctic,,Paulino de Oliveira (1893),,MaterialCitation,
Oedemeridae,Oedemerinae,Stenostomatini,Stenostoma,,rostratum,,,,,,,,PT,Algarve,,Quarteira Praia da Quarteira (dunas) ,,,,,37.04,-8.21,palaearctic,1967-06-07,Vazquez database,M. A. Diniz,PreservedSpecimen,
Oedemeridae,Oedemerinae,Stenostomatini,Stenostoma,,rostratum,,,,,,,,PT,Algarve,,Quarteira Quarteira ,,,,,37.06,-8.08,palaearctic,1970-06-07,NMPC,C. & A. Jeekel,PreservedSpecimen,
Oedemeridae,Oedemerinae,Stenostomatini,Stenostoma,,rostratum,,,,,,,,PT,Algarve,,"Sagres Monte Gordo,dunas de Portugal ",,,,,36.95,-9,palaearctic,1981-08-01,Vazquez database,,PreservedSpecimen,
Oedemeridae,Oedemerinae,Stenostomatini,Stenostoma,,rostratum,,,,,,,,PT,Aveiro ,,Aveiro Mortosa ,,,,,40.76872696,-8.709668248,palaearctic,2018-08-19,inaturalist,,MaterialCitation,
Oedemeridae,Oedemerinae,Stenostomatini,Stenostoma,,rostratum,,,,,,,,PT,Aveiro ,,Ílhavo Costa Nova ,,,,,40.56,-8.88,palaearctic,2009-08-10,Vazquez database,M. Tomas,PreservedSpecimen,
Oedemeridae,Oedemerinae,Stenostomatini,Stenostoma,,rostratum,,,,,,,,PT,Beiras,,Coimbra  Figueira ,,,,,40.12,-8.86,palaearctic,,Paulino de Oliveira (1893),,MaterialCitation,
Oedemeridae,Oedemerinae,Stenostomatini,Stenostoma,,rostratum,,,,,,,,PT,Beiras,,Figuira da Foz Mata de Lavos ,,,,,40.02,-8.88,palaearctic,1946-07-28,Vazquez database,,PreservedSpecimen,
Oedemeridae,Oedemerinae,Stenostomatini,Stenostoma,,rostratum,,,,,,,,PT,Braga,,Braga Chafè Porto,,,,,41.63887216,-8.817398362,palaearctic,2020-07-31,inaturalist,,MaterialCitation,
Oedemeridae,Oedemerinae,Stenostomatini,Stenostoma,,rostratum,,,,,,,,PT,Braga,,Braga Esposende ,,,,,41.471222,-8.774222,palaearctic,2017-06-16,inaturalist,,MaterialCitation,
Oedemeridae,Oedemerinae,Stenostomatini,Stenostoma,,rostratum,,,,,,,,PT,Braga,,Braga Viana do Castelo ,,,,,41.64,-8.88,palaearctic,1995-08-03,Vazquez database,M. Tomas,PreservedSpecimen,
Oedemeridae,Oedemerinae,Stenostomatini,Stenostoma,,rostratum,,,,,,,,PT,Central Portugal,,Leira Lleira ,,,,,39.8,-9.01,palaearctic,,Paulino de Oliveira (1893),,MaterialCitation,
Oedemeridae,Oedemerinae,Stenostomatini,Stenostoma,,rostratum,,,,,,,,PT,Centro,,"Aveiro, Praia de Barra",,,,,40.629167,-8.75,palaearctic,2022-07-26,MAB,V. Filippini,PreservedSpecimen,
Oedemeridae,Oedemerinae,Stenostomatini,Stenostoma,,rostratum,,,,,,,,PT,Lisboa,,Almada Caparica ,,,,,38.57,-9.23,palaearctic,1974-08-03,Vazquez database,P. Oromí,PreservedSpecimen,
Oedemeridae,Oedemerinae,Stenostomatini,Stenostoma,,rostratum,,,,,,,,PT,North Portugal,,Aveiro Espinho ,,,,,40.62,-8.75,palaearctic,,Paulino de Oliveira (1893),,MaterialCitation,
Oedemeridae,Oedemerinae,Stenostomatini,Stenostoma,,rostratum,,,,,,,,PT,Porto,,Porto Praia de Aguda ,,,,,41.05,-8.65,palaearctic,1974-08-03,Vazquez database,P. Oromí,PreservedSpecimen,
Oedemeridae,Oedemerinae,Stenostomatini,Stenostoma,,rostratum,,,,,,,,PT,Regione Oeste,,Alcobaca S. Martinho do Porto ,,,,,39.47,-9.23,palaearctic,1966-07-06,Vazquez database,A. Zuzarte,PreservedSpecimen,
Oedemeridae,Oedemerinae,Stenostomatini,Stenostoma,,rostratum,,,,,,,,PT,Setubal,,Setubal Setubal ,,,,,38.37994175,-8.803104535,palaearctic,2019-06-01,inaturalist,,MaterialCitation,
Oedemeridae,Oedemerinae,Stenostomatini,Stenostoma,,rostratum,,,,,,,,ES,Andalucia,,Cadiz Algeciras ,,,,,36.11,-5.55,palaearctic,2019-05,Vazquez database,,PreservedSpecimen,
Oedemeridae,Oedemerinae,Stenostomatini,Stenostoma,,rostratum,,,,,,,,ES,Andalucia,,Cadiz Algeciras ,,,,,36.11,-5.55,palaearctic,2019-05,Vazquez database,Lindberg,PreservedSpecimen,
Oedemeridae,Oedemerinae,Stenostomatini,Stenostoma,,rostratum,,,,,,,,ES,Andalucia,,Cadiz Cadiz ,,,,,36.47,-6.32,palaearctic,1932-05,Vazquez database,Benítez,PreservedSpecimen,
Oedemeridae,Oedemerinae,Stenostomatini,Stenostoma,,rostratum,,,,,,,,ES,Andalucia,,Cadiz S. Roque ,,,,,36.21,-5.44,palaearctic,1966-05,Vazquez database,J. Ramírez,PreservedSpecimen,
Oedemeridae,Oedemerinae,Stenostomatini,Stenostoma,,rostratum,,,,,,,,ES,Andalucia,,Malaga El Ejido ,,,,,36.68,-2.88,palaearctic,1987-06-16,Vazquez database,M. Tomas,PreservedSpecimen,
Oedemeridae,Oedemerinae,Stenostomatini,Stenostoma,,rostratum,,,,,,,,ES,Andalucia,,Malaga Marbella ,,,,,36.48,-5.01,palaearctic,1962-07-01/1962-07-21,Vazquez database,,PreservedSpecimen,
Oedemeridae,Oedemerinae,Stenostomatini,Stenostoma,,rostratum,,,,,,,,ES,Cantabria,,Santader Somo ,,,,,43.44,-3.74,palaearctic,1985-07-09,Vazquez database,A. J. Velázquez,PreservedSpecimen,
Oedemeridae,Oedemerinae,Stenostomatini,Stenostoma,,rostratum,,,,,,,,ES,Cantabria,,Santader Somo ,,,,,43.44,-3.74,palaearctic,,Vazquez database,F. Español,PreservedSpecimen,
Oedemeridae,Oedemerinae,Stenostomatini,Stenostoma,,rostratum,,,,,,,,ES,Cantabria,,Santader Somo ,,,,,43.44,-3.74,palaearctic,1954-07-28,Vazquez database,S. V. Peris,PreservedSpecimen,
Oedemeridae,Oedemerinae,Stenostomatini,Stenostoma,,rostratum,,,,,,,,ES,Cantabria,,Santander Mogro ,,,,,43.34,-3.98,palaearctic,1956-08-26,Vazquez database,E. Ortiz,PreservedSpecimen,
Oedemeridae,Oedemerinae,Stenostomatini,Stenostoma,,rostratum,,,,,,,,ES,Cataluna,,Barcelona,,,,,41.27,2.04,palaearctic,1941-07-29,Vazquez database,F. Español,PreservedSpecimen,
Oedemeridae,Oedemerinae,Stenostomatini,Stenostoma,,rostratum,,,,,,,,ES,Cataluna,,Barcelona Barcelona (Casa Ant√∫nez) ,,,,,41.27,2.04,palaearctic,1948-06-01,Vazquez database,F. Español,PreservedSpecimen,
Oedemeridae,Oedemerinae,Stenostomatini,Stenostoma,,rostratum,,,,,,,,ES,Cataluna,,Barcelona Barcelona (faro Llobregat) ,,,,,41.27,2.04,palaearctic,1898-08-20,Vazquez database,,PreservedSpecimen,Pino
Oedemeridae,Oedemerinae,Stenostomatini,Stenostoma,,rostratum,,,,,,,,ES,Cataluna,,Barcelona Barcelona (farola Llobregat) ,,,,,41.27,2.04,palaearctic,1941-07-24,Vazquez database,F. Español,PreservedSpecimen,
Oedemeridae,Oedemerinae,Stenostomatini,Stenostoma,,rostratum,,,,,,,,ES,Cataluna,,Barcelona Castelldefels ,,,,,41.27,1.92,palaearctic,1964-07-01,Vazquez database,Pablos,PreservedSpecimen,
Oedemeridae,Oedemerinae,Stenostomatini,Stenostoma,,rostratum,,,,,,,,ES,Cataluna,,Barcelona Delta del Llobregat ,,,,,41.27,2.07,palaearctic,,GBIF; Lagar Mascarò (1971),,MaterialCitation,
Oedemeridae,Oedemerinae,Stenostomatini,Stenostoma,,rostratum,,,,,,,,ES,Cataluna,,Barcelona Desembocadura del Llobregat Barcelona,,,,,41.27,2.07,palaearctic,,"GBIF; Vazquez (1989), Agullo & Prieto (2012)",,MaterialCitation,
Oedemeridae,Oedemerinae,Stenostomatini,Stenostoma,,rostratum,,,,,,,,ES,Cataluna,,Barcelona El Prat de Llobregat ,,,,,41.27,2.04,palaearctic,1974-08-12,Vazquez database,T. Yélamos,PreservedSpecimen,
Oedemeridae,Oedemerinae,Stenostomatini,Stenostoma,,rostratum,,,,,,,,ES,Cataluna,,Barcelona El Prat de Llobregat (aeroport) ,,,,,41.27,2.04,palaearctic,1976-06-12,Vazquez database,T. Yélamos,PreservedSpecimen,
Oedemeridae,Oedemerinae,Stenostomatini,Stenostoma,,rostratum,,,,,,,,ES,Cataluna,,Barcelona Gavá ,,,,,41.27,2.05,palaearctic,1898-08-20,Lagar Mascarò (1971),,MaterialCitation,
Oedemeridae,Oedemerinae,Stenostomatini,Stenostoma,,rostratum,,,,,,,,ES,Cataluna,,Barcelona Gavá ,,,,,41.27,1.92,palaearctic,1898-08-20,Vazquez database,,PreservedSpecimen,
Oedemeridae,Oedemerinae,Stenostomatini,Stenostoma,,rostratum,,,,,,,,ES,Cataluna,,Barcelona Prat de Llobregat ,,,,,41.27,2.04,palaearctic,1948-06-01,Vazquez database,B. Sjogren,PreservedSpecimen,
Oedemeridae,Oedemerinae,Stenostomatini,Stenostoma,,rostratum,,,,,,,,ES,Cataluna,,Barcelona Prat de Llobregat Desembocadura del Estany del Remolar,,,,,41.27,2.07,palaearctic,2009-06-18,Agullo & Prieto (2012),,MaterialCitation,
Oedemeridae,Oedemerinae,Stenostomatini,Stenostoma,,rostratum,,,,,,,,ES,Cataluna,,Barcelona Prat de Llobregat Platja del Prat,,,,,41.28,2.09,palaearctic,2009-07-10,Agullo & Prieto (2012),,MaterialCitation,
Oedemeridae,Oedemerinae,Stenostomatini,Stenostoma,,rostratum,,,,,,,,ES,Cataluna,,Barcelona Prat de Llobregat Platja del Prat,,,,,41.28,2.09,palaearctic,2009-07-18,Lagar Mascar√≥ (1971),,MaterialCitation,
Oedemeridae,Oedemerinae,Stenostomatini,Stenostoma,,rostratum,,,,,,,,ES,Cataluna,,Barcelona Sant Pere Pescador  ,,,,,42.19,3.1,palaearctic,,GBIF; Teunissen (1998),,MaterialCitation,
Oedemeridae,Oedemerinae,Stenostomatini,Stenostoma,,rostratum,,,,,,,,ES,Cataluna,,Barcelona Viladencans Platja de Cal Francès,,,,,41.27,2.05,palaearctic,2009-07-10,Agullo & Prieto (2012),,MaterialCitation,
Oedemeridae,Oedemerinae,Stenostomatini,Stenostoma,,rostratum,,,,,,,,ES,Cataluna,,Barcelona Viladencans Platja de la Pineda,,,,,41.27,2.05,palaearctic,2009-07-10,Agullo & Prieto (2012),,MaterialCitation,
Oedemeridae,Oedemerinae,Stenostomatini,Stenostoma,,rostratum,,,,,,,,ES,Cataluna,,Barcelona Viladencans Platja del Remolar,,,,,41.27,2.05,palaearctic,2009-07-10,Agullo & Prieto (2012),,MaterialCitation,
Oedemeridae,Oedemerinae,Stenostomatini,Stenostoma,,rostratum,,,,,,,,ES,Cataluna,,Girona L'Estartit Cataluña,,,,,42.03,3.19,palaearctic,1974-07-25,GBIF,,MaterialCitation,
Oedemeridae,Oedemerinae,Stenostomatini,Stenostoma,,rostratum,,,,,,,,ES,Cataluna,,Girona Torroella de Montgrí Cataluña,,,,,42.03,3.19,palaearctic,1972-07-01,GBIF,,MaterialCitation,
Oedemeridae,Oedemerinae,Stenostomatini,Stenostoma,,rostratum,,,,,,,,ES,Cataluna,,Girona Torroella de Montgrì Platja de la Gola del Ter,,,,,42.01,3.19,palaearctic,2009-06-29,Agullo & Prieto (2012),,MaterialCitation,
Oedemeridae,Oedemerinae,Stenostomatini,Stenostoma,,rostratum,,,,,,,,ES,Cataluna,,Girona Torroella de Montgrì Platja de l'Estartit,,,,,42.03,3.19,palaearctic,2009-07-08,Agullo & Prieto (2012),,MaterialCitation,
Oedemeridae,Oedemerinae,Stenostomatini,Stenostoma,,rostratum,,,,,,,,ES,Ceuta,,Ceuta Benzú ,,,,,35.91,-5.4,palaearctic,,Vazquez database,,PreservedSpecimen,
Oedemeridae,Oedemerinae,Stenostomatini,Stenostoma,,rostratum,,,,,,,,ES,Galicia,,La Coruña A Coruña ,,,,,43.35,-8.56,palaearctic,,Vazquez database,Bolìvar,PreservedSpecimen,
Oedemeridae,Oedemerinae,Stenostomatini,Stenostoma,,rostratum,,,,,,,,ES,Galicia,,"La Coruña Balarés, Corme ",,,,,43.17,-9,palaearctic,1978-08-10,Vazquez database,J. P. Valcárcel,PreservedSpecimen,
Oedemeridae,Oedemerinae,Stenostomatini,Stenostoma,,rostratum,,,,,,,,ES,Galicia,,La Coruña El Ferrol ,,,,,43.49,-8.31,palaearctic,2000-08-08,Vazquez database,,PreservedSpecimen,
Oedemeridae,Oedemerinae,Stenostomatini,Stenostoma,,rostratum,,,,,,,,ES,Galicia,,La Coruña Lagoa de Louro ,,,,,42.75,-9.09,palaearctic,2001-08-20,Vazquez database,J. P. Valcárcel,PreservedSpecimen,
Oedemeridae,Oedemerinae,Stenostomatini,Stenostoma,,rostratum,,,,,,,,ES,Galicia,,"La Coruña Lagoa de Louro, Muros ",,,,,42.72,-9.12,palaearctic,1998-06-20,Vazquez database,J. P. Valcárcel,PreservedSpecimen,
Oedemeridae,Oedemerinae,Stenostomatini,Stenostoma,,rostratum,,,,,,,,ES,Galicia,,La Coruña Louro ,,,,,42.72,-9.12,palaearctic,2027-06-14,Vazquez database,L. Iglesias,PreservedSpecimen,
Oedemeridae,Oedemerinae,Stenostomatini,Stenostoma,,rostratum,,,,,,,,ES,Galicia,,"La Coruña Ortigueira Praia de Morouzos, ",,,,,43.7,-7.84,palaearctic,2004-07-10,Vazquez database,J. P. Valcárcel,PreservedSpecimen,
Oedemeridae,Oedemerinae,Stenostomatini,Stenostoma,,rostratum,,,,,,,,ES,Galicia,,"La Coruña Playa de Esteiro, Ría do Barquero ",,,,,43.7,-7.75,palaearctic,1996-08-16,Vazquez database,J. P. Valcárcel,PreservedSpecimen,
Oedemeridae,Oedemerinae,Stenostomatini,Stenostoma,,rostratum,,,,,,,,ES,Galicia,,Pontevedra La Lanzada ,,,,,42.36,-8.87,palaearctic,1953-08-13,Vazquez database,W. Steiner,PreservedSpecimen,
Oedemeridae,Oedemerinae,Stenostomatini,Stenostoma,,rostratum,,,,,,,,ES,Galicia,,Pontevedra Playa de Bbarra ,,,,,42.26,-8.84,palaearctic,,Eiroa et al. (1988),,MaterialCitation,
Oedemeridae,Oedemerinae,Stenostomatini,Stenostoma,,rostratum,,,,,,,,ES,Galicia,,Pontevedra Playa Lanzada ,,,,,42.36,-8.87,palaearctic,,Vazquez database,F. Español,PreservedSpecimen,
Oedemeridae,Oedemerinae,Stenostomatini,Stenostoma,,rostratum,,,,,,,,ES,Galicia,,Pontevedra Playa Lanzada ,,,,,42.36,-8.87,palaearctic,1984-07-30,Vazquez database,T. Yélamos,PreservedSpecimen,
Oedemeridae,Oedemerinae,Stenostomatini,Stenostoma,,rostratum,,,,,,,,ES,Galicia,,Vigo  Cangas Playa de Barra,,,,,42.27,-8.87,palaearctic,1981-08-05/1981-08-15,Vazquez database,,PreservedSpecimen,
Oedemeridae,Oedemerinae,Stenostomatini,Stenostoma,,rostratum,,,,,,,,ES,Galicia,,Vigo Islas Cies ,,,,,42.18,-9,palaearctic,1974-08-01/1974-08-02,Vazquez database,J. O. Otero,PreservedSpecimen,
Oedemeridae,Oedemerinae,Stenostomatini,Stenostoma,,rostratum,,,,,,,,ES,Galicia,,Vigo Islas Cies ,,,,,42.18,-9,palaearctic,1981-08-01,Vazquez database,M. Ortego,PreservedSpecimen,
Oedemeridae,Oedemerinae,Stenostomatini,Stenostoma,,rostratum,,,,,,,,ES,Galicia,,"Vigo Islas Cies, Playa Rodas ",,,,,42.18,-9,palaearctic,1977-07-01/1977-07-02,Vazquez database,J. O. Otero,PreservedSpecimen,
Oedemeridae,Oedemerinae,Stenostomatini,Stenostoma,,rostratum,,,,,,,,ES,Melilla,,Melilla,,,,,35.31,-2.95,palaearctic,,Martenez de la Escalera (1914),,PreservedSpecimen,
Oedemeridae,Oedemerinae,Stenostomatini,Stenostoma,,rostratum,,,,,,,,ES,Melilla,,Melilla,,,,,35.31,-2.95,palaearctic,2009-06,Vazquez database,Arias,PreservedSpecimen,
Oedemeridae,Oedemerinae,Stenostomatini,Stenostoma,,rostratum,,,,,,,,ES,Melilla,,Melilla Restinga,,,,,35.15,-2.78,palaearctic,2009-06,Vazquez database,Arias,PreservedSpecimen,
Oedemeridae,Oedemerinae,Stenostomatini,Stenostoma,,rostratum,,,,,,,,ES,Valencia,,Alicante Alicante Torrevieja,,,,,38.03,-0.65,palaearctic,1970-06-12,NMPC,M. C. & G. K. Kruseman ,PreservedSpecimen,
Oedemeridae,Oedemerinae,Stenostomatini,Stenostoma,,rostratum,,,,,,,,ES,Valencia,,Alicante Pego ,,,,,38.81,-0.12,palaearctic,,Vazquez database,Torres Sala,PreservedSpecimen,
Oedemeridae,Oedemerinae,Stenostomatini,Stenostoma,,rostratum,,,,,,,,ES,Valencia,,Valencia Albufera Dehesa,,,,,39.26,-0.33,palaearctic,,Vazquez database,E. Moroder,PreservedSpecimen,
Oedemeridae,Oedemerinae,Stenostomatini,Stenostoma,,rostratum,,,,,,,,ES,Valencia,,Valencia Albufera Dehesa,,,,,39.26,-0.33,palaearctic,1966-06,Vazquez database,J. Vives,PreservedSpecimen,
Oedemeridae,Oedemerinae,Stenostomatini,Stenostoma,,rostratum,,,,,,,,ES,Valencia,,Valencia Torrente ,,,,,39.36,-0.56,palaearctic,,Vazquez database,Torres Sala,PreservedSpecimen,
Oedemeridae,Oedemerinae,Stenostomatini,Stenostoma,,rostratum,,,,,,,,ES,Valencia,,Valencia,,,,,39.45,-0.44,palaearctic,,Vazquez database,,PreservedSpecimen,
Oedemeridae,Oedemerinae,Stenostomatini,Stenostoma,,rostratum,,,,,,,,TU,Nord Est,,Nabeul Korba ,,,,,36.57,10.86,palaearctic,,NMPC,,PreservedSpecimen,
Oedemeridae,Oedemerinae,Stenostomatini,Stenostoma,,rostratum,,,,,,,,TU,Nord Est,,Nabeul Nabeul ,,,,,36.44,10.74,palaearctic,1989-06-27,NMPC,,PreservedSpecimen,
Oedemeridae,Oedemerinae,Stenostomatini,Stenostoma,,rostratum,,,,,,,,TU,Nord Est,,Tunis Bordj Cédria ,,,,,36.68,10.37,palaearctic,,Normand (1936),,MaterialCitation,
Oedemeridae,Oedemerinae,Stenostomatini,Stenostoma,,rostratum,,,,,,,,TU,Nord Est,,Tunis Radès ,,,,,36.77,10.28,palaearctic,,Normand (1936),,MaterialCitation,
Oedemeridae,Oedemerinae,Stenostomatini,Stenostoma,,rostratum,,,,,,,2,TU,Nord Ouest,,Béja-Bizerte  btw Cap Negro .Cap Serrat,,,,,37.16,9.12,palaearctic,1984-06-04,MAB,P. Audisio,PreservedSpecimen,
Oedemeridae,Oedemerinae,Stenostomatini,Stenostoma,,rostratum,,,,,,,12,TU,Nord Ouest,,Jendouba btw Babouch. Tabarka ,,300-500,,,36.96,8.73,palaearctic,1984-06-03,MAB,Bologna,PreservedSpecimen,
Oedemeridae,Calopodinae,Stenostomatini,Stenostoma,,rostratum,,,,,,,,TU,Nord Ouest,,Jendouba Tabarka ,,,,,36.96,8.74,palaearctic,,Normand (1936),,MaterialCitation,
Oedemeridae,Calopodinae,Stenostomatini,Stenostoma,,rostratum,,,,,,,,TU,Nord Ouest,,Jendouba Tabarka-Pobrezi ,,,,,36.95,8.73,palaearctic,2008-07-07,NMPC,Mantic ,PreservedSpecimen,